-- phpMyAdmin SQL Dump
-- version 4.7.4
-- https://www.phpmyadmin.net/
--
-- Хост: 127.0.0.1:3306
-- Время создания: Фев 16 2018 г., 06:06
-- Версия сервера: 5.7.19
-- Версия PHP: 5.6.31

SET SQL_MODE = "NO_AUTO_VALUE_ON_ZERO";
SET AUTOCOMMIT = 0;
START TRANSACTION;
SET time_zone = "+00:00";


/*!40101 SET @OLD_CHARACTER_SET_CLIENT=@@CHARACTER_SET_CLIENT */;
/*!40101 SET @OLD_CHARACTER_SET_RESULTS=@@CHARACTER_SET_RESULTS */;
/*!40101 SET @OLD_COLLATION_CONNECTION=@@COLLATION_CONNECTION */;
/*!40101 SET NAMES utf8mb4 */;

--
-- База данных: `cg`
--

-- --------------------------------------------------------

--
-- Структура таблицы `directions`
--

DROP TABLE IF EXISTS `directions`;
CREATE TABLE IF NOT EXISTS `directions` (
  `id` int(11) NOT NULL AUTO_INCREMENT,
  `name` text CHARACTER SET utf8 COLLATE utf8_unicode_ci NOT NULL,
  PRIMARY KEY (`id`)
) ENGINE=InnoDB AUTO_INCREMENT=3 DEFAULT CHARSET=latin1;

--
-- Дамп данных таблицы `directions`
--

INSERT INTO `directions` (`id`, `name`) VALUES
(1, 'RIGHT'),
(2, 'LEFT');

-- --------------------------------------------------------

--
-- Структура таблицы `layers`
--

DROP TABLE IF EXISTS `layers`;
CREATE TABLE IF NOT EXISTS `layers` (
  `id` int(11) NOT NULL AUTO_INCREMENT,
  `name` text COLLATE utf8_unicode_ci NOT NULL,
  `icon` text COLLATE utf8_unicode_ci,
  `video_layer` int(11) NOT NULL DEFAULT '10',
  `transition` int(11) NOT NULL DEFAULT '1',
  `duration` int(11) NOT NULL DEFAULT '1',
  `direction` int(11) NOT NULL DEFAULT '1',
  `css` text COLLATE utf8_unicode_ci,
  `html_php` text COLLATE utf8_unicode_ci,
  `js` text COLLATE utf8_unicode_ci,
  `visible` int(11) NOT NULL DEFAULT '1',
  PRIMARY KEY (`id`),
  KEY `transition` (`transition`),
  KEY `direction` (`direction`)
) ENGINE=InnoDB AUTO_INCREMENT=45 DEFAULT CHARSET=utf8 COLLATE=utf8_unicode_ci;

--
-- Дамп данных таблицы `layers`
--

INSERT INTO `layers` (`id`, `name`, `icon`, `video_layer`, `transition`, `duration`, `direction`, `css`, `html_php`, `js`, `visible`) VALUES
(24, 'FHD Color Bars', '', 5, 2, 20, 1, 'body{\r\n    background:url(\"layers-assets/color_bars_hd/HD_ColorBars.svg\");\r\n}\r\n\r\n#f0{\r\n    font-family: \"Courier\";\r\n    text-align: center;\r\n    color:#000;\r\n	font-weight:bold;\r\n	font-size:45px;\r\n	margin-top:650px;\r\n	text-transform: uppercase;\r\n}', '<div id=\"container\">\r\n    <div id=\"f0\" placeholder=\"Title\"></div>\r\n</div>\r\n', '', 1),
(26, 'Election Poll (face to face)', 'fa-users', 10, 1, 1, 1, 'body{\r\n    background: url(\"layers-assets/elections/bg.jpg\");\r\n    padding:100px;\r\n    font-family:arial;\r\n    text-transform: uppercase;\r\n    text-align: left;\r\n    color:#fff;\r\n	font-weight:bold;\r\n}\r\n\r\n#poll{\r\n    height:880px;\r\n    background-color: rgba(255, 255, 255, 0.9);\r\n    border: 5px solid transparent;\r\n    border-image: linear-gradient(to bottom, #fff 0%, #999 100%);\r\n    border-image-slice: 1;\r\n}\r\n\r\n#f0{\r\n    background:#555;\r\n    text-align: left;\r\n	font-size: 15px;\r\n	padding:10px 30px;\r\n}\r\n\r\n#f1{\r\n    background:#00356B;\r\n	font-size: 70px;\r\n	padding:10px 30px;\r\n	text-shadow: 2px 2px #000;\r\n}\r\n\r\n#candidates{\r\n    width: 950px;\r\n    margin: 0 auto;\r\n    margin-top:60px;\r\n    text-align:center;\r\n}\r\n\r\n#candidates img{\r\n    margin:0;\r\n    padding:0;\r\n    border:0;\r\n}\r\n\r\n.name{\r\n    font-size: 40px;\r\n	padding:10px 30px;\r\n	text-shadow: 2px 2px #000;\r\n	background-color: #00356B;\r\n}\r\n\r\n.count{\r\n    font-size: 120px;\r\n	text-shadow: 2px 2px #ccc;\r\n	color:#333;\r\n}\r\n\r\n#candidate1{\r\n    width: 400px;\r\n    float: left;\r\n    position: relative;\r\n    -webkit-animation-name: candidate1;\r\n    -webkit-animation-duration: 3s;\r\n    -webkit-animation-fill-mode: forwards;\r\n    -webkit-animation-delay: 2s;\r\n}\r\n\r\n@-webkit-keyframes candidate1 {\r\n    0% {left:0;}\r\n    100% {left:-50px;}\r\n}\r\n\r\n#candidate2{\r\n    width: 400px;\r\n    float: left;\r\n    margin-left:150px;\r\n    position: relative;\r\n    -webkit-animation-name: candidate2;\r\n    -webkit-animation-duration: 3s;\r\n    -webkit-animation-fill-mode: forwards;\r\n    -webkit-animation-delay: 2s;\r\n}\r\n\r\n@-webkit-keyframes candidate2 {\r\n    0% {left:0;}\r\n    100% {left:50px;}\r\n}', '<div id=\"poll\">\r\n    <div id=\"f0\">Source: Bananna Network</div>\r\n    <div id=\"f1\">Presidential Elections 2016</div>\r\n    <div id=\"candidates\">\r\n      <div id=\"candidate1\">\r\n          <div class=\"name\">CLINTON</div>\r\n          <img src=\"layers-assets/elections/clinton.jpg\" width=\"400\" height=\"400\">\r\n          <div class=\"count\"><span class=\"count-value\">50</span>%</div>\r\n      </div>\r\n      <div id=\"candidate2\">\r\n          <div class=\"name\">TRUMP</div>\r\n          <img src=\"layers-assets/elections/trump.jpg\" width=\"400\" height=\"400\">\r\n          <div class=\"count\"><span class=\"count-value\">50</span>%</div>\r\n      </div>\r\n    </div>\r\n</div>', '<script>\r\n$(\'.count-value\').each(function () {\r\n      var $this = $(this);\r\n      jQuery({ Counter: 0 }).animate({ Counter: $this.text() }, {\r\n        duration: 2500,\r\n        step: function () {\r\n          $this.text(Math.ceil(this.Counter));\r\n        }\r\n      });\r\n    });\r\n</script>', 1),
(27, 'Weather (forecast.io API)', 'fa-thermometer-full', 10, 1, 1, 1, 'body{\r\n    background: url(\"layers-assets/weather/bg.jpg\");\r\n    padding:100px;\r\n    font-family:arial;\r\n    text-transform: uppercase;\r\n    text-align: left;\r\n    color:#fff;\r\n	font-weight:bold;\r\n}\r\n\r\n#weather{\r\n    height:880px;\r\n    background-color: rgba(255, 255, 255, 0.9);\r\n    border: 5px solid transparent;\r\n    border-image: linear-gradient(to bottom, #fff 0%, #999 100%);\r\n    border-image-slice: 1;\r\n}\r\n\r\n#source{\r\n    background:#555;\r\n    text-align: left;\r\n	font-size: 15px;\r\n	padding:10px 30px;\r\n}\r\n\r\n#title{\r\n    background:#800000;\r\n	font-size: 70px;\r\n	padding:10px 30px;\r\n	text-shadow: 2px 2px #000;\r\n}\r\n\r\n#temperature{\r\n    width: 950px;\r\n    margin: 0 auto;\r\n    margin-top:100px;\r\n    text-align:center;\r\n    font-size:100px;\r\n    color:black;\r\n}', '<div id=\"weather\">\r\n    <div id=\"source\">Source: Forecast.io</div>\r\n    <div id=\"title\">London Live Weather</div>\r\n    <div id=\"temperature\">\r\n      <canvas id=\"icon\" width=\"200\" height=\"200\"></canvas><br><span id=\"temp\"></span>\r\n    </div>\r\n</div>', '<script type=\"text/javascript\"  src=\"layers-assets/weather/skycons.js\"></script>\r\n<script>\r\nfunction weather()\r\n	{\r\n	$(function() {\r\n		var apiKey = \"ADD YOUR API CODE HERE\";\r\n		var url = \"https://api.forecast.io/forecast/\";\r\n		var lati = 51.5171;\r\n		var longi = -0.1062;\r\n		var data;\r\n\r\n		$.getJSON(url + apiKey + \"/\" + lati + \",\" + longi + \"?units=uk&callback=?\", function(data) {\r\n		  var temp = data.currently.temperature;\r\n		  var icon = data.currently.icon;\r\n		  $(\"#temp\").html(temp + \"&deg;C\");\r\n\r\n		  var skycons = new Skycons({\"color\": \"black\"});\r\n		  skycons.add(\"icon\", icon);\r\n		  skycons.play();\r\n		});\r\n	});\r\n}\r\n\r\nweather(); // Get weather instantly at load.\r\nsetInterval( weather, 60000 ); // Get weather every 2 min.\r\n</script>', 0),
(28, 'Credits', 'fa-cc', 10, 5, 25, 2, 'body{\r\n    font-family:arial;\r\n    text-align: left;\r\n    color:#fff;\r\n	font-size:45px;\r\n	text-transform: uppercase;\r\n}\r\n\r\n#credits{\r\n    background:rgba(0, 0, 0, 0.9);\r\n    padding:100px;\r\n    width:50%;\r\n    height:100%;\r\n    float:right;\r\n}\r\n\r\nul{\r\n    list-style-type:none;\r\n}\r\n\r\nli{\r\n    margin-bottom:40px;\r\n}\r\n\r\n#slide1, #slide2, #slide3{\r\n    display:none;\r\n}', '<div id=\"credits\">\r\n    <ul id=\"slide1\">\r\n        <li>Title 1<br><strong>Name Surname</strong></li>\r\n        <li>Title 2<br><strong>Name Surname</strong></li>\r\n        <li>Title 3<br><strong>Name Surname</strong></li>\r\n        <li>Title 4<br><strong>Name Surname</strong></li>\r\n        <li>Title 5<br><strong>Name Surname</strong></li>\r\n        <li>Title 6<br><strong>Name Surname</strong></li>\r\n    </ul>\r\n    <ul id=\"slide2\">\r\n        <li>Title 7<br><strong>Name Surname</strong></li>\r\n        <li>Title 8<br><strong>Name Surname</strong></li>\r\n        <li>Title 9<br><strong>Name Surname</strong></li>\r\n        <li>Title 10<br><strong>Name Surname</strong></li>\r\n        <li>Title 11<br><strong>Name Surname</strong></li>\r\n        <li>Title 12<br><strong>Name Surname</strong></li>\r\n    </ul>\r\n    <ul id=\"slide3\">\r\n        <li><img src=\"layers-assets/credits/logo.png\"></li>\r\n         <li><strong>WebCG. This is a PHP generated date <?php echo date(\'Y\'); ?>©</strong></li>\r\n    </ul>\r\n</div>', '<script>\r\n    $(\"#slide1\").delay(1000).fadeIn().delay(3000).fadeOut(400);\r\n    $(\"#slide2\").delay(5000).fadeIn().delay(3000).fadeOut(400);\r\n    $(\"#slide3\").delay(9000).fadeIn();\r\n    $(\"#credits\").delay(15000).fadeOut(200);\r\n</script>', 1),
(29, 'Twitter (visual only)', 'fa-twitter', 15, 5, 30, 2, '#twitter{\r\n    background:#1da1f2 url(\"layers-assets/twitter/twitter.svg\");\r\n    background-repeat: no-repeat;\r\n    background-position: 20px; \r\n    width:1000px;\r\n    height:140px;\r\n    bottom:200px;\r\n    right:0;\r\n    position:absolute;\r\n    border-radius: 10px 0 0 10px;\r\n    box-shadow: 4px 4px 2px #14171a;\r\n    \r\n    font-family:arial;\r\n    text-align: left;\r\n    color:#fff;\r\n	font-size:28px;\r\n	text-transform: uppercase;\r\n\r\n	padding:20px 30px 20px 160px;\r\n}\r\n\r\n#twitter span{\r\n    font-weight:bold;\r\n    font-style: italic;\r\n}\r\n\r\nul{\r\n    list-style-type:none;\r\n    padding:0;\r\n    margin:0;\r\n}', '<div id=twitter>\r\n    <ul>\r\n        <li>You’re never too old to splash around. Well, unless your phone isn’t water-resistant. #GalaxyNote7 <span>@SamsungMobileUS</span></li>\r\n    </ul>\r\n</div>', '<script>\r\n    $(\"#twitter\").delay(6000).fadeOut(500);\r\n</script>', 1),
(30, 'Lower Third3', 'fa-address-card-o', 10, 1, 0, 1, '#lowerthird{\r\n    position:absolute;\r\n    bottom: 150px;\r\n    left:250px;\r\n    font-family:arial;\r\n    text-align: left;\r\n	text-transform: uppercase;\r\n	width:65%;\r\n}\r\n\r\n\r\n\r\n#f0{\r\n    background-color: #FF4500;\r\n    color:white;\r\n    font-size:70px;\r\n    color:#fff;\r\n    font-weight:bold;\r\n    padding:0 20px;\r\n}\r\n\r\n#f1{\r\n    background-color: rgba(255, 255, 255, 0.9);\r\n    color:#000;\r\n    font-size:40px;\r\n    font-weight:bold;\r\n    padding:0 20px;\r\n}\r\n\r\n', '<div id=\"lowerthird\">\r\n    <div id=\"f0\" placeholder=\"Main Title\">vhjvhj</div>\r\n    <div id=\"f1\" placeholder=\"Secondary Title\">Student Show</div>\r\n</div>\n', '', 1),
(31, 'weather_xx', 'f13d', 10, 1, 1, 1, 'body{\r\n    background: url(\"layers-assets/weather/bg.jpg\");\r\n    padding:100px;\r\n    font-family:arial;\r\n    text-transform: uppercase;\r\n    text-align: left;\r\n    color:#fff;\r\n	font-weight:bold;\r\n}\r\n\r\n#weather{\r\n    height:880px;\r\n    background-color: rgba(255, 255, 255, 0.9);\r\n    border: 5px solid transparent;\r\n    border-image: linear-gradient(to bottom, #fff 0%, #999 100%);\r\n    border-image-slice: 1;\r\n}\r\n\r\n#source{\r\n    background:#555;\r\n    text-align: left;\r\n	font-size: 15px;\r\n	padding:10px 30px;\r\n}\r\n\r\n#title{\r\n    background:#800000;\r\n	font-size: 70px;\r\n	padding:10px 30px;\r\n	text-shadow: 2px 2px #000;\r\n}\r\n\r\n#temperature{\r\n    width: 950px;\r\n    margin: 0 auto;\r\n    margin-top:100px;\r\n    text-align:center;\r\n    font-size:100px;\r\n    color:black;\r\n}', '<div id=\"weather\">\r\n    <div id=\"source\">Source: Forecast.io</div>\r\n    <div id=\"title\">London Live Weather</div>\r\n    <div id=\"temperature\">\r\n      <canvas id=\"icon\" width=\"200\" height=\"200\"></canvas><br><span id=\"temp\"></span>\r\n    </div>\r\n</div>', '<script type=\"text/javascript\"  src=\"layers-assets/weather/skycons.js\"></script>\r\n<script>\r\nfunction weather()\r\n	{\r\n	$(function() {\r\n		var apiKey = \"7d7fb208bc708b6bd2657291246a83e6\";\r\n		var url = \"https://api.forecast.io/forecast/\";\r\n		var lati = 51.5171;\r\n		var longi = -0.1062;\r\n		var data;\r\n\r\n		$.getJSON(url + apiKey + \"/\" + lati + \",\" + longi + \"?units=uk&callback=?\", function(data) {\r\n		  var temp = data.currently.temperature;\r\n		  var icon = data.currently.icon;\r\n		  $(\"#temp\").html(temp + \"&deg;C\");\r\n\r\n		  var skycons = new Skycons({\"color\": \"black\"});\r\n		  skycons.add(\"icon\", icon);\r\n		  skycons.play();\r\n		});\r\n	});\r\n}\r\n\r\nweather(); // Get weather instantly at load.\r\nsetInterval( weather, 60000 ); // Get weather every 2 min.\r\n</script>', 1),
(32, 'Weather (forecast.io API)_v2', 'fa-thermometer-full', 10, 1, 1, 1, 'body{\r\n    background: url(\"layers-assets/weather/bg.jpg\");\r\n    padding:100px;\r\n    font-family:arial;\r\n    text-transform: uppercase;\r\n    text-align: left;\r\n    color:#fff;\r\n	font-weight:bold;\r\n}\r\n\r\n#weather{\r\n    height:880px;\r\n    background-color: rgba(255, 255, 255, 0.9);\r\n    border: 5px solid transparent;\r\n    border-image: linear-gradient(to bottom, #fff 0%, #999 100%);\r\n    border-image-slice: 1;\r\n}\r\n\r\n#source{\r\n    background:#555;\r\n    text-align: left;\r\n	font-size: 15px;\r\n	padding:10px 30px;\r\n}\r\n\r\n#title{\r\n    background:#800000;\r\n	font-size: 70px;\r\n	padding:10px 30px;\r\n	text-shadow: 2px 2px #000;\r\n}\r\n\r\n#temperature{\r\n    width: 950px;\r\n    margin: 0 auto;\r\n    margin-top:100px;\r\n    text-align:center;\r\n    font-size:100px;\r\n    color:black;\r\n}', '<div id=\"weather\">\r\n    <div id=\"source\">Source: Forecast.io</div>\r\n    <div id=\"title\">London Live Weather</div>\r\n    <div id=\"temperature\">\r\n      <canvas id=\"icon\" width=\"200\" height=\"200\"></canvas><br><span id=\"temp\"></span>\r\n    </div>\r\n</div>', '<script type=\"text/javascript\"  src=\"layers-assets/weather/skycons.js\"></script>\r\n<script>\r\nfunction weather()\r\n	{\r\n	$(function() {\r\n		var apiKey = \"ADD YOUR API CODE HERE\";\r\n		var url = \"https://api.forecast.io/forecast/\";\r\n		var lati = 51.5171;\r\n		var longi = -0.1062;\r\n		var data;\r\n\r\n		$.getJSON(url + apiKey + \"/\" + lati + \",\" + longi + \"?units=uk&callback=?\", function(data) {\r\n		  var temp = data.currently.temperature;\r\n		  var icon = data.currently.icon;\r\n		  $(\"#temp\").html(temp + \"&deg;C\");\r\n\r\n		  var skycons = new Skycons({\"color\": \"black\"});\r\n		  skycons.add(\"icon\", icon);\r\n		  skycons.play();\r\n		});\r\n	});\r\n}\r\n\r\nweather(); // Get weather instantly at load.\r\nsetInterval( weather, 60000 ); // Get weather every 2 min.\r\n</script>', 1),
(33, 'NewsCG2', 'fa-newspaper-o', 25, 3, 30, 1, '#lowerthird{\r\n	position:absolute;\r\n	bottom: 80px;\r\n	width:100%;\r\n	text-align: left;\r\n	font-Family: arial;\r\n}			\r\n#bg{\r\n	background-color: rgba(255, 255, 255, 0.9);\r\n	color: #444444;\r\n	padding: 4px 10px 4px 330px;\r\n	text-align: left;\r\n	font-size: 50px;\r\n	text-transform: uppercase;\r\n	height:125px;\r\n}			\r\n#f0{\r\n	font-weight: bold;\r\n}\r\n#clock{\r\n	background:#9A0D02;\r\n	color:#FFFFFF;\r\n	text-transform:uppercase;\r\n	width:511px;\r\n	text-align:right;\r\n	padding:5px 10px;\r\n	font-size:20px;\r\n	font-weight:bold;\r\n	height:32px;\r\n}\r\n#ticker{\r\n    width:100%;\r\n	background:#222;\r\n	color:#fff;\r\n	text-transform:uppercase;\r\n	text-align:left;\r\n	padding: 5px 10px 5px 334px;\r\n	font-size:20px;\r\n	height:32px;\r\n	overflow:hidden;\r\n}\r\n#ticker div {\r\n    display: inline-block;\r\n    word-wrap: break-word;\r\n}\r\n\r\n\r\n\r\n\r\n\r\n/* ----------------------*/\r\n\r\n\r\n\r\n\r\n\r\n/*base code*/\r\n.animated {\r\n  -webkit-animation-duration: 1s;\r\n  animation-duration: 1s;\r\n  -webkit-animation-fill-mode: both;\r\n  animation-fill-mode: both;\r\n}\r\n.animated.infinite {\r\n  -webkit-animation-iteration-count: infinite;\r\n  animation-iteration-count: infinite;\r\n}\r\n.animated.hinge {\r\n  -webkit-animation-duration: 2s;\r\n  animation-duration: 2s;\r\n}\r\n/*the animation definition*/\r\n@-webkit-keyframes fadeInUp {\r\n  0% {\r\n    opacity: 0;\r\n    -webkit-transform: translate3d(0, 100%, 0);\r\n    transform: translate3d(0, 100%, 0)\r\n  }\r\n  100% {\r\n    opacity: 1;\r\n    -webkit-transform: none;\r\n    transform: none\r\n  }\r\n}\r\n@keyframes fadeInUp {\r\n  0% {\r\n    opacity: 0;\r\n    -webkit-transform: translate3d(0, 100%, 0);\r\n    -ms-transform: translate3d(0, 100%, 0);\r\n    transform: translate3d(0, 100%, 0)\r\n  }\r\n  100% {\r\n    opacity: 1;\r\n    -webkit-transform: none;\r\n    -ms-transform: none;\r\n    transform: none\r\n  }\r\n}\r\n.fadeInUp {\r\n  -webkit-animation-name: fadeInUp;\r\n  animation-name: fadeInUp\r\n}', '<div id=\"lowerthird\">\r\n    <div id=\"bg\" class=\"fadeInUp animated\">\r\n    	<div id=\"f0\" placeholder=\"Main Title\">Alexey</div>\r\n    	<div id=\"f1\" placeholder=\"Secondary Title\">Balakirev</div>\r\n    </div>\r\n    <div id=\"ticker\">\r\n        <strong>Latest News:</strong>\r\n        <ul>\r\n            <li>Kakaya-to ocherednaya novost i mnogo-mnogo texta</li>\r\n            <li>Delta flights grounded after systems outage.</li>\r\n            <li>Prince\'s estate denies planning to sell his Paisley Park home.</li>\r\n        </ul>\r\n    </div>\r\n    <div id=\"clock\">\r\n        <?php echo \"Ukraine\"; ?> <span id=\"time-part\"></span>\r\n    </div>\r\n</div>\n', '<script src=\"layers-assets/newscg/moment.js\"></script>\r\n<script src=\"layers-assets/newscg/jquery.ticker.min.js\"></script>\r\n<script>\r\n$(document).ready(function() {\r\n	var interval = setInterval(function() {\r\n		var momentNow = moment();\r\n		$(\"#time-part\").html(momentNow.format(\"HH:mm:ss\"));\r\n	}, 100);\r\n});\r\n\r\n$(\"#ticker\").ticker();\r\n</script>', 1),
(34, 'Election Poll_v2', 'fa-users', 10, 3, 20, 1, 'body{\r\n    background: url(\"layers-assets/elections/bg.jpg\");\r\n    padding:100px;\r\n    font-family:arial;\r\n    text-transform: uppercase;\r\n    text-align: left;\r\n    color:#fff;\r\n	font-weight:bold;\r\n}\r\n\r\n#poll{\r\n    height:880px;\r\n    background-color: rgba(255, 255, 255, 0.9);\r\n    border: 2px solid transparent;\r\n    border-image: linear-gradient(to bottom, #fff 0%, #999 100%);\r\n    border-image-slice: 1;\r\n}\r\n\r\n#f0{\r\n    background:#555;\r\n    text-align: left;\r\n	font-size: 15px;\r\n	padding:10px 30px;\r\n}\r\n\r\n#f1{\r\n    background:#00356B;\r\n	font-size: 70px;\r\n	padding:10px 30px;\r\n	text-shadow: 2px 2px #000;\r\n}\r\n\r\n#candidates{\r\n    width: 950px;\r\n    margin: 0 auto;\r\n    margin-top:60px;\r\n    text-align:center;\r\n}\r\n\r\n#candidates img{\r\n    margin:0;\r\n    padding:0;\r\n    border:0;\r\n}\r\n\r\n.name{\r\n    font-size: 40px;\r\n	padding:10px 30px;\r\n	text-shadow: 2px 2px #000;\r\n	background-color: #00356B;\r\n}\r\n\r\n.count{\r\n    font-size: 120px;\r\n	text-shadow: 2px 2px #ccc;\r\n	color:#333;\r\n}\r\n\r\n#candidate1{\r\n    width: 400px;\r\n    float: left;\r\n    position: relative;\r\n    -webkit-animation-name: candidate1;\r\n    -webkit-animation-duration: 3s;\r\n    -webkit-animation-fill-mode: forwards;\r\n    -webkit-animation-delay: 2s;\r\n}\r\n\r\n@-webkit-keyframes candidate1 {\r\n    0% {left:0;}\r\n    100% {left:-50px;}\r\n}\r\n\r\n#candidate2{\r\n    width: 400px;\r\n    float: left;\r\n    margin-left:150px;\r\n    position: relative;\r\n    -webkit-animation-name: candidate2;\r\n    -webkit-animation-duration: 3s;\r\n    -webkit-animation-fill-mode: forwards;\r\n    -webkit-animation-delay: 2s;\r\n}\r\n\r\n@-webkit-keyframes candidate2 {\r\n    0% {left:0;}\r\n    100% {left:50px;}\r\n}', '<div id=\"poll\">\r\n    <div id=\"f0\">Source: Bananna Network</div>\r\n    <div id=\"f1\">ryhrinrtiojnrtiojnrtr</div>\r\n    <div id=\"candidates\">\r\n      <div id=\"candidate1\">\r\n          <div class=\"name\">CLINTON</div>\r\n          <img src=\"layers-assets/elections/clinton.jpg\" width=\"400\" height=\"400\">\r\n          <div class=\"count\">\r\n<span class=\"count-value\">50</span>%</div>\r\n      </div>\r\n      <div id=\"candidate2\">\r\n          <div class=\"name\">TRUMP</div>\r\n          <img src=\"layers-assets/elections/trump.jpg\" width=\"400\" height=\"400\">\r\n          <div class=\"count\">\r\n<span class=\"count-value\">50</span>%</div>\r\n      </div>\r\n    </div>\r\n</div>\r\n', '<script>\r\n$(\'.count-value\').each(function () {\r\n      var $this = $(this);\r\n      jQuery({ Counter: 0 }).animate({ Counter: $this.text() }, {\r\n        duration: 2500,\r\n        step: function () {\r\n          $this.text(Math.ceil(this.Counter));\r\n        }\r\n      });\r\n    });\r\n</script>', 1),
(35, 'NewsCG3', 'fa-newspaper-o', 25, 1, 10, 1, '#lowerthird{\r\n	position:absolute;\r\n	bottom: 80px;\r\n	width:100%;\r\n	text-align: left;\r\n	font-Family: arial;\r\n}			\r\n#bg{\r\n	background-color: rgba(255, 255, 255, 0.9);\r\n	color: #444444;\r\n	padding: 4px 10px 4px 330px;\r\n	text-align: left;\r\n	font-size: 50px;\r\n	text-transform: uppercase;\r\n	height:125px;\r\n}			\r\n#f0{\r\n	font-weight: bold;\r\n	\r\n}\r\n#clock{\r\n	background:#9A0D02;\r\n	color:#FFFFFF;\r\n	text-transform:uppercase;\r\n	width:511px;\r\n	text-align:right;\r\n	padding:5px 10px 0px 50px;\r\n	font-size:20px;\r\n	font-weight:bold;\r\n	height:32px;\r\n}\r\n#ticker{\r\n    width:100%;\r\n	background:#222;\r\n	color:#fff;\r\n	text-transform:uppercase;\r\n	text-align:left;\r\n	padding: 5px 10px 5px 334px;\r\n	font-size:20px;\r\n	height:32px;\r\n	overflow:hidden;\r\n}\r\n#ticker div {\r\n    display: inline-block;\r\n    word-wrap: break-word;\r\n}\r\n\r\n\r\n\r\n\r\n\r\n/* ----------------------*/\r\n\r\n\r\n\r\n\r\n\r\n/*base code*/\r\n.animated {\r\n  -webkit-animation-duration: 2s;\r\n  animation-duration: 2s;\r\n-webkit-animation-fill-mode: both;\r\n  animation-fill-mode: both;\r\n}\r\n.animated2 {\r\n  -webkit-animation-duration: 1s;\r\n  animation-duration: 1s;\r\n  -webkit-animation-delay: 2s;\r\n  animation-delay: 2s;\r\n-webkit-animation-fill-mode: both;\r\n  animation-fill-mode: both;\r\n}\r\n\r\n.animated.infinite {\r\n  -webkit-animation-iteration-count: infinite;\r\n  animation-iteration-count: infinite;\r\n\r\n}\r\n.animated.hinge {\r\n  -webkit-animation-duration: 2s;\r\n  animation-duration: 2s;\r\n\r\n}\r\n/*the animation definition*/\r\n@-webkit-keyframes fadeInUp {\r\n  0% {\r\n    opacity: 0;\r\n    -webkit-transform: translate3d(0, 100%, 0);\r\n    transform: translate3d(0, 100%, 0)\r\n  }\r\n  100% {\r\n    opacity: 1;\r\n    -webkit-transform: none;\r\n    transform: none\r\n  }\r\n}\r\n@keyframes fadeInUp {\r\n  0% {\r\n    opacity: 0;\r\n    -webkit-transform: translate3d(0, 100%, 0);\r\n    transform: translate3d(0, 100%, 0)\r\n  }\r\n  100% {\r\n    opacity: 1;\r\n    -webkit-transform: none;\r\n    -ms-transform: none;\r\n    transform: none\r\n  }\r\n}\r\n.fadeInUp {\r\n  -webkit-animation-name: fadeInUp;\r\n  animation-name: fadeInUp\r\n\r\n}\r\n\r\n\r\n/*the animation definition*/\r\n@-webkit-keyframes fadeInDown {\r\n  0% {\r\n    opacity: 0;\r\n    -webkit-transform: translate3d(0, -100%, 0);\r\n    transform: translate3d(0, -100%, 0)\r\n  }\r\n  100% {\r\n    opacity: 1;\r\n    -webkit-transform: none;\r\n    transform: none\r\n  }\r\n}\r\n@keyframes fadeInDown {\r\n  0% {\r\n    opacity: 0;\r\n    -webkit-transform: translate3d(0, -100%, 0);\r\n    -ms-transform: translate3d(0, -100%, 0);\r\n    transform: translate3d(0, -100%, 0)\r\n  }\r\n  100% {\r\n    opacity: 1;\r\n    -webkit-transform: none;\r\n    -ms-transform: none;\r\n    transform: none\r\n  }\r\n}\r\n.fadeInDown {\r\n  -webkit-animation-name: fadeInDown;\r\n  animation-name: fadeInDown\r\n\r\n}\r\n@-webkit-keyframes fadeInLeft {\r\n  0% {\r\n    opacity: 0;\r\n    -webkit-transform: translate3d(-100%, 0, 0);\r\n    transform: translate3d(-100%, 0, 0)\r\n  }\r\n  100% {\r\n    opacity: 1;\r\n    -webkit-transform: none;\r\n    transform: none\r\n  }\r\n}\r\n@keyframes fadeInLeft {\r\n  0% {\r\n    opacity: 0;\r\n    -webkit-transform: translate3d(-100%, 0, 0);\r\n    -ms-transform: translate3d(-100%, 0, 0);\r\n    transform: translate3d(-100%, 0, 0)\r\n  }\r\n  100% {\r\n    opacity: 1;\r\n    -webkit-transform: none;\r\n    -ms-transform: none;\r\n    transform: none\r\n  }\r\n}\r\n.fadeInLeft {\r\n  -webkit-animation-name: fadeInLeft;\r\n  animation-name: fadeInLeft\r\n}\r\n\r\n', '<div id=\"lowerthird\" class=\"fadeInLeft animated\">\r\n    <div id=\"bg\">\r\n    	<div id=\"f0\" class=\"fadeInDown animated2\" placeholder=\"Main Title\">Alexey</div>\r\n    	<div id=\"f1\" class=\"fadeInUp animated2\" placeholder=\"Secondary Title\">Balakirev</div>\r\n    </div>\r\n    <div id=\"ticker\">\r\n        <strong>Latest News:</strong>\r\n        <ul>\r\n            <li>Kakaya-to ocherednaya novost i mnogo-mnogo texta</li>\r\n            <li>Delta flights grounded after systems outage.</li>\r\n            <li>Prince\'s estate denies planning to sell his Paisley Park home.</li>\r\n        </ul>\r\n    </div>\r\n    <div id=\"clock\">\r\n        <?php echo \"Ukraine\"; ?> <span id=\"time-part\"></span>\r\n    </div>\r\n</div>\r\n', '<script src=\"layers-assets/newscg/moment.js\"></script>\r\n<script src=\"layers-assets/newscg/jquery.ticker.min.js\"></script>\r\n<script>\r\n$(document).ready(function() {\r\n	var interval = setInterval(function() {\r\n		var momentNow = moment();\r\n		$(\"#time-part\").html(momentNow.format(\"HH:mm:ss\"));\r\n	}, 100);\r\n});\r\n\r\n$(\"#ticker\").ticker();\r\n</script>', 1),
(37, 'clear', '', 25, 2, 20, 1, '', '', '', 1),
(41, 'NewsCG4', 'fa-newspaper-o', 25, 1, 10, 1, '@font-face {\r\n    font-family: \'Uni Sans\';\r\n    src: url(\'assets/fonts/UniSansRegular.eot\');\r\n    src: local(\'Uni Sans Regular\'), local(\'UniSansRegular\'),\r\n        url(\'assets/fonts/UniSansRegular.eot?#iefix\') format(\'embedded-opentype\'),\r\n        url(\'assets/fonts/UniSansRegular.woff2\') format(\'woff2\'),\r\n        url(\'assets/fonts/UniSansRegular.woff\') format(\'woff\'),\r\n        url(\'assets/fonts/UniSansRegular.ttf\') format(\'truetype\'),\r\n        url(\'assets/fonts/UniSansRegular.svg#UniSansRegular\') format(\'svg\');\r\n    font-weight: normal;\r\n    font-style: normal;\r\n}\r\n@font-face {\r\n    font-family: \'Bender\';\r\n    src: url(\'assets/fonts/Bender-Bold.eot\');\r\n    src: local(\'Bender Bold\'), local(\'Bender-Bold\'),\r\n        url(\'assets/fonts/Bender-Bold.eot?#iefix\') format(\'embedded-opentype\'),\r\n        url(\'assets/fonts/Bender-Bold.woff2\') format(\'woff2\'),\r\n        url(\'assets/fonts/Bender-Bold.woff\') format(\'woff\'),\r\n        url(\'assets/fonts/Bender-Bold.ttf\') format(\'truetype\'),\r\n        url(\'assets/fonts/Bender-Bold.svg#Bender-Bold\') format(\'svg\');\r\n    font-weight: bold;\r\n    font-style: normal;\r\n}\r\n@font-face {\r\n    font-family: \'Comfortaa\';\r\n    src: url(\'assets/fonts/Comfortaa-Regular.eot\');\r\n    src: url(\'assets/fonts/Comfortaa-Regular.eot?#iefix\') format(\'embedded-opentype\'),\r\n        url(\'assets/fonts/Comfortaa-Regular.woff2\') format(\'woff2\'),\r\n        url(\'assets/fonts/Comfortaa-Regular.woff\') format(\'woff\'),\r\n        url(\'assets/fonts/Comfortaa-Regular.ttf\') format(\'truetype\'),\r\n        url(\'assets/fonts/Comfortaa-Regular.svg#Comfortaa-Regular\') format(\'svg\');\r\n    font-weight: normal;\r\n    font-style: normal;\r\n}\r\n@font-face {\r\n    font-family: \'Comfortaa\';\r\n    src: url(\'assets/fonts/Comfortaa-Bold.eot\');\r\n    src: url(\'assets/fonts/Comfortaa-Bold.eot?#iefix\') format(\'embedded-opentype\'),\r\n        url(\'assets/fonts/Comfortaa-Bold.woff2\') format(\'woff2\'),\r\n        url(\'assets/fonts/Comfortaa-Bold.woff\') format(\'woff\'),\r\n        url(\'assets/fonts/Comfortaa-Bold.ttf\') format(\'truetype\'),\r\n        url(\'assets/fonts/Comfortaa-Bold.svg#Comfortaa-Bold\') format(\'svg\');\r\n    font-weight: bold;\r\n    font-style: normal;\r\n}\r\n\r\n#lowerthird{\r\n	position:absolute;\r\n	bottom: 80px;\r\n	width:100%;\r\n	text-align: left;\r\nfont-family: \'Uni Sans\';\r\n\r\n   \r\n   \r\n}			\r\n#bg{\r\n	/*background-color: rgba(255, 255, 255, 0.9);*/\r\n	color: #444444;\r\n	padding: 4px 10px 4px 330px;\r\n	text-align: left;\r\n	font-size: 50px;\r\n	text-transform: uppercase;\r\n	height:125px;\r\n	\r\n      background: rgba(255,255,255,0.9);\r\nbackground: -moz-linear-gradient(left, rgba(255,255,255,0.9) 30%, rgba(0,0,0,0.0) 60%);\r\nbackground: -webkit-linear-gradient(left, rgba(255,255,255,0.9) 30%, rgba(0,0,0,0.0) 60%);\r\nbackground: linear-gradient(to right, rgba(255,255,255,0.9) 30%, rgba(0,0,0,0.0) 60%);\r\nfilter: progid:DXImageTransform.Microsoft.gradient( startColorstr=\'rgba(255,255,255,0.9)\', endColorstr=\'rgba(0,0,0,0.0)\',GradientType=1 );\r\n                                                          \r\n}	\r\n#f1{	\r\n    font-family: \'Bender\';\r\n    \r\n}\r\n#f0{\r\n\r\n	font-family: \'Bender\';\r\n	font-weight: bold;\r\n}\r\n#clock{\r\n	background:#9A0D02;\r\n	color:#FFFFFF;\r\n	text-transform:uppercase;\r\n	width:511px;\r\n	text-align:right;\r\n	padding:5px 10px 0px 50px;\r\n	font-size:20px;\r\n	font-weight:bold;\r\n	height:32px;\r\n}\r\n#ticker{\r\n    width:100%;\r\n	background:#222;\r\n	color:#fff;\r\n	text-transform:uppercase;\r\n	text-align:left;\r\n	padding: 5px 10px 5px 334px;\r\n	font-size:20px;\r\n	height:32px;\r\n	overflow:hidden;\r\n}\r\n#ticker div {\r\n    display: inline-block;\r\n    word-wrap: break-word;\r\n}\r\n\r\n\r\n\r\n\r\n\r\n/* ----------------------*/\r\n\r\n\r\n\r\n\r\n\r\n/*base code*/\r\n.animated {\r\n  -webkit-animation-duration: 2s;\r\n  animation-duration: 2s;\r\n-webkit-animation-fill-mode: both;\r\n  animation-fill-mode: both;\r\n}\r\n.animated2 {\r\n  -webkit-animation-duration: 1s;\r\n  animation-duration: 1s;\r\n  -webkit-animation-delay: 1.8s;\r\n  animation-delay: 1.8s;\r\n-webkit-animation-fill-mode: both;\r\n  animation-fill-mode: both;\r\n}\r\n\r\n.animated.infinite {\r\n  -webkit-animation-iteration-count: infinite;\r\n  animation-iteration-count: infinite;\r\n\r\n}\r\n.animated.hinge {\r\n  -webkit-animation-duration: 2s;\r\n  animation-duration: 2s;\r\n\r\n}\r\n/*the animation definition*/\r\n@-webkit-keyframes fadeInUp {\r\n  0% {\r\n    opacity: 0;\r\n    -webkit-transform: translate3d(0, 100%, 0);\r\n    transform: translate3d(0, 100%, 0)\r\n  }\r\n  100% {\r\n    opacity: 1;\r\n    -webkit-transform: none;\r\n    transform: none\r\n  }\r\n}\r\n@keyframes fadeInUp {\r\n  0% {\r\n    opacity: 0;\r\n    -webkit-transform: translate3d(0, 100%, 0);\r\n    transform: translate3d(0, 100%, 0)\r\n  }\r\n  100% {\r\n    opacity: 1;\r\n    -webkit-transform: none;\r\n    -ms-transform: none;\r\n    transform: none\r\n  }\r\n}\r\n.fadeInUp {\r\n  -webkit-animation-name: fadeInUp;\r\n  animation-name: fadeInUp\r\n\r\n}\r\n\r\n\r\n/*the animation definition*/\r\n@-webkit-keyframes fadeInDown {\r\n  0% {\r\n    opacity: 0;\r\n    -webkit-transform: translate3d(0, -100%, 0);\r\n    transform: translate3d(0, -100%, 0)\r\n  }\r\n  100% {\r\n    opacity: 1;\r\n    -webkit-transform: none;\r\n    transform: none\r\n  }\r\n}\r\n@keyframes fadeInDown {\r\n  0% {\r\n    opacity: 0;\r\n    -webkit-transform: translate3d(0, -100%, 0);\r\n    -ms-transform: translate3d(0, -100%, 0);\r\n    transform: translate3d(0, -100%, 0)\r\n  }\r\n  100% {\r\n    opacity: 1;\r\n    -webkit-transform: none;\r\n    -ms-transform: none;\r\n    transform: none\r\n  }\r\n}\r\n.fadeInDown {\r\n  -webkit-animation-name: fadeInDown;\r\n  animation-name: fadeInDown\r\n\r\n}\r\n@-webkit-keyframes fadeInLeft {\r\n  0% {\r\n    opacity: 0;\r\n    -webkit-transform: translate3d(-100%, 0, 0);\r\n    transform: translate3d(-100%, 0, 0)\r\n  }\r\n  100% {\r\n    opacity: 1;\r\n    -webkit-transform: none;\r\n    transform: none\r\n  }\r\n}\r\n@keyframes fadeInLeft {\r\n  0% {\r\n    opacity: 0;\r\n    -webkit-transform: translate3d(-100%, 0, 0);\r\n    -ms-transform: translate3d(-100%, 0, 0);\r\n    transform: translate3d(-100%, 0, 0)\r\n  }\r\n  100% {\r\n    opacity: 1;\r\n    -webkit-transform: none;\r\n    -ms-transform: none;\r\n    transform: none\r\n  }\r\n}\r\n.fadeInLeft {\r\n  -webkit-animation-name: fadeInLeft;\r\n  animation-name: fadeInLeft\r\n}\r\n\r\n', '<div id=\"lowerthird\" class=\"fadeInLeft animated\">\r\n    <div id=\"bg\">\r\n    	<div id=\"f0\" class=\"fadeInDown animated2\" placeholder=\"Main Title\">Alexey</div>\r\n    	<div id=\"f1\" class=\"fadeInUp animated2\" placeholder=\"Secondary Title\">Balakirev</div>\r\n    </div>\r\n    <div id=\"ticker\">\r\n        <strong>Latest News:</strong>\r\n        <ul>\r\n            <li>Kakaya-to ocherednaya novost i mnogo-mnogo texta</li>\r\n            <li>Delta flights grounded after systems outage.</li>\r\n            <li>Prince\'s estate denies planning to sell his Paisley Park home.</li>\r\n        </ul>\r\n    </div>\r\n    <div id=\"clock\">\r\n        <?php echo \"Ukraine\"; ?> <span id=\"time-part\"></span>\r\n    </div>\r\n</div>\r\n', '<script src=\"layers-assets/newscg/moment.js\"></script>\r\n<script src=\"layers-assets/newscg/jquery.ticker.min.js\"></script>\r\n<script>\r\n$(document).ready(function() {\r\n	var interval = setInterval(function() {\r\n		var momentNow = moment();\r\n		$(\"#time-part\").html(momentNow.format(\"mm:ss\"));\r\n	}, 100);\r\n});\r\n\r\n$(\"#ticker\").ticker();\r\n</script>', 1),
(43, 'timer', '', 24, 2, 20, 1, '@font-face {\r\n    font-family: \'Uni Sans\';\r\n    src: url(\'http://10.0.1.6/webcg/assets/fonts/UniSansRegular.eot\');\r\n    src: local(\'Uni Sans Regular\'), local(\'UniSansRegular\'),\r\n        url(\'http://10.0.1.6/webcg/assets/fonts/UniSansRegular.eot?#iefix\') format(\'embedded-opentype\'),\r\n        url(\'http://10.0.1.6/webcg/assets/fonts/UniSansRegular.woff2\') format(\'woff2\'),\r\n        url(\'http://10.0.1.6/webcg/assets/fonts/UniSansRegular.woff\') format(\'woff\'),\r\n        url(\'http://10.0.1.6/webcg/assets/fonts/UniSansRegular.ttf\') format(\'truetype\'),\r\n        url(\'http://10.0.1.6/webcg/assets/fonts/UniSansRegular.svg#UniSansRegular\') format(\'svg\');\r\n    font-weight: normal;\r\n    font-style: normal;\r\n}\r\n			\r\n#bg{\r\n	/*background-color: rgba(255, 255, 255, 0.9);*/\r\n	position:absolute;\r\n	bottom: 0px;\r\n	width:100%;\r\n	font-family: \'Uni Sans\';\r\n	color: #444444;\r\n	padding: 4px 10px 4px 330px;\r\n	text-align: left;\r\n	font-size: 50px;\r\n	text-transform: uppercase;\r\n	height:270px;\r\n	background: rgba(0,0,0,0);\r\nbackground: -moz-linear-gradient(top, rgba(0,0,0,0) 30%, rgba(0,0,0,0.3) 70%);\r\nbackground: -webkit-linear-gradient(top, rgba(0,0,0,0) 30%, rgba(0,0,0,0.3) 70%);\r\nbackground: linear-gradient(to bottom, rgba(0,0,0,0) 30%, rgba(0,0,0,0.3) 70%);\r\nfilter: progid:DXImageTransform.Microsoft.gradient( startColorstr=\'rgba(0,0,0,0)\', endColorstr=\'rgba(0,0,0,0.3)\',GradientType=0 );\r\n                                \r\n                                \r\n}			\r\n#bgup{\r\n	/*background-color: rgba(255, 255, 255, 0.9);*/\r\n	position:absolute;\r\n	top: 0px;\r\n	width:100%;\r\n	font-family: \'Uni Sans\';\r\n	color: #444444;\r\n	padding: 4px 10px 4px 330px;\r\n	text-align: left;\r\n	font-size: 50px;\r\n	text-transform: uppercase;\r\n	height:270px;\r\n	background: rgba(0,0,0,1);\r\nbackground: -moz-linear-gradient(top, rgba(0,0,0,0.3) 30%, rgba(0,0,0,0.0) 70%);\r\nbackground: -webkit-linear-gradient(top, rgba(0,0,0,0.3) 30%, rgba(0,0,0,0.0) 70%);\r\nbackground: linear-gradient(to bottom, rgba(0,0,0,0.3) 30%, rgba(0,0,0,0.0) 70%);\r\nfilter: progid:DXImageTransform.Microsoft.gradient( startColorstr=\'rgba(0,0,0,0.3)\', endColorstr=\'rgba(0,0,0,0)\',GradientType=0 );\r\n                                \r\n                                \r\n}			\r\n#clock{\r\n\r\n	color:#FFFFFF;\r\n	\r\n  text-shadow: 2px 2px 30px #000000;\r\n	text-transform:uppercase;\r\n	width:100%;\r\n	bottom: 1000px;\r\n	text-align:right;\r\n	padding:5px 10px 0px 50px;\r\n	font-size:80px;\r\n	font-weight:bold;\r\n	height:80px;\r\n	\r\n}\r\n\r\n		', '<div id=\"bgup\"></div>\r\n  <div id=\"bg\" />\r\n    <div id=\"clock\">\r\n        <span id=\"time-part\"></span>\r\n    </div>', '<script src=\"layers-assets/newscg/moment.js\"></script>\r\n<script src=\"layers-assets/newscg/jquery.ticker.min.js\"></script>\r\n<script>\r\n$(document).ready(function() {\r\n	var interval = setInterval(function() {\r\n		var momentNow = moment();\r\n		$(\"#time-part\").html(momentNow.format(\"HH:mm\"));\r\n	}, 100);\r\n});\r\n\r\n$(\"#ticker\").ticker();\r\n</script>		', 1),
(44, 'NewsCG5', 'fa-newspaper-o', 25, 1, 10, 1, '@font-face {\r\n    font-family: \'Uni Sans\';\r\n    src: url(\'http://10.0.1.6/webcg/assets/fonts/UniSansRegular.eot\');\r\n    src: local(\'Uni Sans Regular\'), local(\'UniSansRegular\'),\r\n        url(\'http://10.0.1.6/webcg/assets/fonts/UniSansRegular.eot?#iefix\') format(\'embedded-opentype\'),\r\n        url(\'http://10.0.1.6/webcg/assets/fonts/UniSansRegular.woff2\') format(\'woff2\'),\r\n        url(\'http://10.0.1.6/webcg/assets/fonts/UniSansRegular.woff\') format(\'woff\'),\r\n        url(\'http://10.0.1.6/webcg/assets/fonts/UniSansRegular.ttf\') format(\'truetype\'),\r\n        url(\'http://10.0.1.6/webcg/assets/fonts/UniSansRegular.svg#UniSansRegular\') format(\'svg\');\r\n    font-weight: normal;\r\n    font-style: normal;\r\n}\r\n@font-face {\r\n    font-family: \'Bender\';\r\n    src: url(\'http://10.0.1.6/webcg/assets/fonts/Bender-Bold.eot\');\r\n    src: local(\'Bender Bold\'), local(\'Bender-Bold\'),\r\n        url(\'http://10.0.1.6/webcg/assets/fonts/Bender-Bold.eot?#iefix\') format(\'embedded-opentype\'),\r\n        url(\'http://10.0.1.6/webcg/assets/fonts/Bender-Bold.woff2\') format(\'woff2\'),\r\n        url(\'http://10.0.1.6/webcg/assets/fonts/Bender-Bold.woff\') format(\'woff\'),\r\n        url(\'http://10.0.1.6/webcg/assets/fonts/Bender-Bold.ttf\') format(\'truetype\'),\r\n        url(\'http://10.0.1.6/webcg/assets/fonts/Bender-Bold.svg#Bender-Bold\') format(\'svg\');\r\n    font-weight: bold;\r\n    font-style: normal;\r\n}\r\n@font-face {\r\n    font-family: \'Comfortaa\';\r\n    src: url(\'http://10.0.1.6/webcg/assets/fonts/Comfortaa-Regular.eot\');\r\n    src: url(\'http://10.0.1.6/webcg/assets/fonts/Comfortaa-Regular.eot?#iefix\') format(\'embedded-opentype\'),\r\n        url(\'http://10.0.1.6/webcg/assets/fonts/Comfortaa-Regular.woff2\') format(\'woff2\'),\r\n        url(\'http://10.0.1.6/webcg/assets/fonts/Comfortaa-Regular.woff\') format(\'woff\'),\r\n        url(\'http://10.0.1.6/webcg/assets/fonts/Comfortaa-Regular.ttf\') format(\'truetype\'),\r\n        url(\'http://10.0.1.6/webcg/assets/fonts/Comfortaa-Regular.svg#Comfortaa-Regular\') format(\'svg\');\r\n    font-weight: normal;\r\n    font-style: normal;\r\n}\r\n@font-face {\r\n    font-family: \'Comfortaa\';\r\n    src: url(\'http://10.0.1.6/webcg/assets/fonts/Comfortaa-Bold.eot\');\r\n    src: url(\'http://10.0.1.6/webcg/assets/fonts/Comfortaa-Bold.eot?#iefix\') format(\'embedded-opentype\'),\r\n        url(\'http://10.0.1.6/webcg/assets/fonts/Comfortaa-Bold.woff2\') format(\'woff2\'),\r\n        url(\'http://10.0.1.6/webcg/assets/fonts/Comfortaa-Bold.woff\') format(\'woff\'),\r\n        url(\'http://10.0.1.6/webcg/assets/fonts/Comfortaa-Bold.ttf\') format(\'truetype\'),\r\n        url(\'http://10.0.1.6/webcg/assets/fonts/Comfortaa-Bold.svg#Comfortaa-Bold\') format(\'svg\');\r\n    font-weight: bold;\r\n    font-style: normal;\r\n}\r\n\r\n#lowerthird{\r\n	position:absolute;\r\n	bottom: 80px;\r\n	width:100%;\r\n	text-align: left;\r\nfont-family: \'Uni Sans\';\r\n\r\n   \r\n   \r\n}			\r\n#bg{\r\n	/*background-color: rgba(255, 255, 255, 0.9);*/\r\n	color: #444444;\r\n	padding: 4px 10px 4px 330px;\r\n	text-align: left;\r\n	font-size: 50px;\r\n	text-transform: uppercase;\r\n	height:125px;\r\n	\r\n      background: rgba(255,255,255,0.9);\r\nbackground: -moz-linear-gradient(left, rgba(255,255,255,0.9) 30%, rgba(0,0,0,0.0) 60%);\r\nbackground: -webkit-linear-gradient(left, rgba(255,255,255,0.9) 30%, rgba(0,0,0,0.0) 60%);\r\nbackground: linear-gradient(to right, rgba(255,255,255,0.9) 30%, rgba(0,0,0,0.0) 60%);\r\nfilter: progid:DXImageTransform.Microsoft.gradient( startColorstr=\'rgba(255,255,255,0.9)\', endColorstr=\'rgba(0,0,0,0.0)\',GradientType=1 );\r\n                                                          \r\n}	\r\n#f1{	\r\n    font-family: \'Bender\';\r\n    \r\n}\r\n#f0{\r\n\r\n	font-family: \'Bender\';\r\n	font-weight: bold;\r\n}\r\n#clock{\r\n	background:#9A0D02;\r\n	color:#FFFFFF;\r\n	text-transform:uppercase;\r\n	width:511px;\r\n	text-align:right;\r\n	padding:5px 10px 0px 50px;\r\n	font-size:20px;\r\n	font-weight:bold;\r\n	height:32px;\r\n}\r\n#ticker{\r\n    width:100%;\r\n	background:#222;\r\n	color:#fff;\r\n	text-transform:uppercase;\r\n	text-align:left;\r\n	padding: 5px 10px 5px 334px;\r\n	font-size:20px;\r\n	height:32px;\r\n	overflow:hidden;\r\n}\r\n#ticker div {\r\n    display: inline-block;\r\n    word-wrap: break-word;\r\n}\r\n\r\n\r\n\r\n\r\n\r\n/* ----------------------*/\r\n\r\n\r\n\r\n\r\n\r\n/*base code*/\r\n.animated {\r\n  -webkit-animation-duration: 2s;\r\n  animation-duration: 2s;\r\n-webkit-animation-fill-mode: both;\r\n  animation-fill-mode: both;\r\n}\r\n.animated2 {\r\n  -webkit-animation-duration: 1s;\r\n  animation-duration: 1s;\r\n  -webkit-animation-delay: 1.8s;\r\n  animation-delay: 1.8s;\r\n-webkit-animation-fill-mode: both;\r\n  animation-fill-mode: both;\r\n}\r\n\r\n.animated.infinite {\r\n  -webkit-animation-iteration-count: infinite;\r\n  animation-iteration-count: infinite;\r\n\r\n}\r\n.animated.hinge {\r\n  -webkit-animation-duration: 2s;\r\n  animation-duration: 2s;\r\n\r\n}\r\n/*the animation definition*/\r\n@-webkit-keyframes fadeInUp {\r\n  0% {\r\n    opacity: 0;\r\n    -webkit-transform: translate3d(0, 100%, 0);\r\n    transform: translate3d(0, 100%, 0)\r\n  }\r\n  100% {\r\n    opacity: 1;\r\n    -webkit-transform: none;\r\n    transform: none\r\n  }\r\n}\r\n@keyframes fadeInUp {\r\n  0% {\r\n    opacity: 0;\r\n    -webkit-transform: translate3d(0, 100%, 0);\r\n    transform: translate3d(0, 100%, 0)\r\n  }\r\n  100% {\r\n    opacity: 1;\r\n    -webkit-transform: none;\r\n    -ms-transform: none;\r\n    transform: none\r\n  }\r\n}\r\n.fadeInUp {\r\n  -webkit-animation-name: fadeInUp;\r\n  animation-name: fadeInUp\r\n\r\n}\r\n\r\n\r\n/*the animation definition*/\r\n@-webkit-keyframes fadeInDown {\r\n  0% {\r\n    opacity: 0;\r\n    -webkit-transform: translate3d(0, -100%, 0);\r\n    transform: translate3d(0, -100%, 0)\r\n  }\r\n  100% {\r\n    opacity: 1;\r\n    -webkit-transform: none;\r\n    transform: none\r\n  }\r\n}\r\n@keyframes fadeInDown {\r\n  0% {\r\n    opacity: 0;\r\n    -webkit-transform: translate3d(0, -100%, 0);\r\n    -ms-transform: translate3d(0, -100%, 0);\r\n    transform: translate3d(0, -100%, 0)\r\n  }\r\n  100% {\r\n    opacity: 1;\r\n    -webkit-transform: none;\r\n    -ms-transform: none;\r\n    transform: none\r\n  }\r\n}\r\n.fadeInDown {\r\n  -webkit-animation-name: fadeInDown;\r\n  animation-name: fadeInDown\r\n\r\n}\r\n@-webkit-keyframes fadeInLeft {\r\n  0% {\r\n    opacity: 0;\r\n    -webkit-transform: translate3d(-100%, 0, 0);\r\n    transform: translate3d(-100%, 0, 0)\r\n  }\r\n  100% {\r\n    opacity: 1;\r\n    -webkit-transform: none;\r\n    transform: none\r\n  }\r\n}\r\n@keyframes fadeInLeft {\r\n  0% {\r\n    opacity: 0;\r\n    -webkit-transform: translate3d(-100%, 0, 0);\r\n    -ms-transform: translate3d(-100%, 0, 0);\r\n    transform: translate3d(-100%, 0, 0)\r\n  }\r\n  100% {\r\n    opacity: 1;\r\n    -webkit-transform: none;\r\n    -ms-transform: none;\r\n    transform: none\r\n  }\r\n}\r\n.fadeInLeft {\r\n  -webkit-animation-name: fadeInLeft;\r\n  animation-name: fadeInLeft\r\n}\r\n\r\n', '<div id=\"lowerthird\" class=\"fadeInLeft animated\">\r\n    <div id=\"bg\">\r\n    	<div id=\"f0\" class=\"fadeInDown animated2\" placeholder=\"Main Title\">Alexey</div>\r\n    	<div id=\"f1\" class=\"fadeInUp animated2\" placeholder=\"Secondary Title\">Balakirev</div>\r\n    </div>\r\n    <div id=\"ticker\">\r\n        <strong>Latest News:</strong>\r\n        <ul>\r\n            <li>Kakaya-to ocherednaya novost i mnogo-mnogo texta</li>\r\n            <li>Delta flights grounded after systems outage.</li>\r\n            <li>Prince\'s estate denies planning to sell his Paisley Park home.</li>\r\n        </ul>\r\n    </div>\r\n    <div id=\"clock\">\r\n        <?php echo \"Ukraine\"; ?> <span id=\"time-part\"></span>\r\n    </div>\r\n</div>\r\n', '<script src=\"layers-assets/newscg/moment.js\"></script>\r\n<script src=\"layers-assets/newscg/jquery.ticker.min.js\"></script>\r\n<script>\r\n$(document).ready(function() {\r\n	var interval = setInterval(function() {\r\n		var momentNow = moment();\r\n		$(\"#time-part\").html(momentNow.format(\"mm:ss\"));\r\n	}, 100);\r\n});\r\n\r\n$(\"#ticker\").ticker();\r\n</script>', 1);

-- --------------------------------------------------------

--
-- Структура таблицы `transitions`
--

DROP TABLE IF EXISTS `transitions`;
CREATE TABLE IF NOT EXISTS `transitions` (
  `id` int(11) NOT NULL AUTO_INCREMENT,
  `name` text COLLATE utf8_unicode_ci NOT NULL,
  PRIMARY KEY (`id`)
) ENGINE=InnoDB AUTO_INCREMENT=6 DEFAULT CHARSET=utf8 COLLATE=utf8_unicode_ci;

--
-- Дамп данных таблицы `transitions`
--

INSERT INTO `transitions` (`id`, `name`) VALUES
(1, 'CUT'),
(2, 'MIX'),
(3, 'WIPE'),
(4, 'PUSH'),
(5, 'SLIDE');

--
-- Ограничения внешнего ключа сохраненных таблиц
--

--
-- Ограничения внешнего ключа таблицы `layers`
--
ALTER TABLE `layers`
  ADD CONSTRAINT `layers_ibfk_1` FOREIGN KEY (`transition`) REFERENCES `transitions` (`id`),
  ADD CONSTRAINT `layers_ibfk_2` FOREIGN KEY (`direction`) REFERENCES `directions` (`id`);
COMMIT;

/*!40101 SET CHARACTER_SET_CLIENT=@OLD_CHARACTER_SET_CLIENT */;
/*!40101 SET CHARACTER_SET_RESULTS=@OLD_CHARACTER_SET_RESULTS */;
/*!40101 SET COLLATION_CONNECTION=@OLD_COLLATION_CONNECTION */;
